instance,m,n,density,cap_ratio,run,best_feasible_profit,best_penalized_score,time_sec,iters
m100_n200_d010_c040_seed42,100,200,0.1,0.4,1,1053.202015340791,1053.202015340791,1.163036823272705,3000
m100_n200_d010_c040_seed42,100,200,0.1,0.4,2,1053.202015340791,1053.202015340791,1.242699146270752,3000
m100_n200_d010_c040_seed42,100,200,0.1,0.4,3,1053.202015340791,1053.202015340791,1.116929531097412,3000
m100_n200_d010_c040_seed42,100,200,0.1,0.4,4,1053.202015340791,1053.202015340791,0.9686346054077148,3000
m100_n200_d010_c040_seed42,100,200,0.1,0.4,5,1053.202015340791,1053.202015340791,0.9720280170440674,3000
m100_n200_d010_c060_seed43,100,200,0.1,0.6,1,1529.215662388222,1529.215662388222,0.9418253898620605,3000
m100_n200_d010_c060_seed43,100,200,0.1,0.6,2,1529.215662388222,1529.215662388222,0.9506726264953613,3000
m100_n200_d010_c060_seed43,100,200,0.1,0.6,3,1529.215662388222,1529.215662388222,0.9514636993408203,3000
m100_n200_d010_c060_seed43,100,200,0.1,0.6,4,1529.215662388222,1529.215662388222,0.9525408744812012,3000
m100_n200_d010_c060_seed43,100,200,0.1,0.6,5,1529.215662388222,1529.215662388222,0.9534471035003662,3000
m100_n200_d020_c040_seed44,100,200,0.2,0.4,1,425.304367015681,425.304367015681,1.3081603050231934,3000
m100_n200_d020_c040_seed44,100,200,0.2,0.4,2,425.304367015681,425.304367015681,1.2630577087402344,3000
m100_n200_d020_c040_seed44,100,200,0.2,0.4,3,425.304367015681,425.304367015681,1.2382354736328125,3000
m100_n200_d020_c040_seed44,100,200,0.2,0.4,4,425.304367015681,425.304367015681,1.2373073101043701,3000
m100_n200_d020_c040_seed44,100,200,0.2,0.4,5,425.304367015681,425.304367015681,1.2180097103118896,3000
m100_n200_d020_c060_seed45,100,200,0.2,0.6,1,812.0078432123904,812.0078432123904,1.191497564315796,3000
m100_n200_d020_c060_seed45,100,200,0.2,0.6,2,812.0078432123904,812.0078432123904,1.1729514598846436,3000
m100_n200_d020_c060_seed45,100,200,0.2,0.6,3,812.0078432123904,812.0078432123904,1.1872520446777344,3000
m100_n200_d020_c060_seed45,100,200,0.2,0.6,4,812.0078432123904,812.0078432123904,1.2069149017333984,3000
m100_n200_d020_c060_seed45,100,200,0.2,0.6,5,812.0078432123904,812.0078432123904,1.1903712749481201,3000
m300_n600_d010_c040_seed46,300,600,0.1,0.4,1,670.8984527110722,670.8984527110722,0.3891291618347168,3000
m300_n600_d010_c040_seed46,300,600,0.1,0.4,2,668.3606362669209,668.3606362669209,0.4021129608154297,3000
m300_n600_d010_c040_seed46,300,600,0.1,0.4,3,664.457423404493,664.457423404493,0.39995837211608887,3000
m300_n600_d010_c040_seed46,300,600,0.1,0.4,4,666.8769279796321,666.8769279796321,0.3991663455963135,3000
m300_n600_d010_c040_seed46,300,600,0.1,0.4,5,667.7452039679943,667.7452039679943,0.4002647399902344,3000
m300_n600_d010_c060_seed47,300,600,0.1,0.6,1,1174.455291485191,1174.455291485191,0.40018391609191895,3000
m300_n600_d010_c060_seed47,300,600,0.1,0.6,2,1191.4292928307927,1191.4292928307927,0.3940567970275879,3000
m300_n600_d010_c060_seed47,300,600,0.1,0.6,3,1120.872866693598,1120.872866693598,0.39934802055358887,3000
m300_n600_d010_c060_seed47,300,600,0.1,0.6,4,1144.0402992611475,1144.0402992611475,0.3946094512939453,3000
m300_n600_d010_c060_seed47,300,600,0.1,0.6,5,1149.2936277159235,1149.2936277159235,0.4005849361419678,3000
m300_n600_d020_c040_seed48,300,600,0.2,0.4,1,276.50439968790107,276.50439968790107,0.5011856555938721,3000
m300_n600_d020_c040_seed48,300,600,0.2,0.4,2,265.9231361610497,265.9231361610497,0.4938373565673828,3000
m300_n600_d020_c040_seed48,300,600,0.2,0.4,3,268.44982515281566,268.44982515281566,0.4892911911010742,3000
m300_n600_d020_c040_seed48,300,600,0.2,0.4,4,241.67637536502238,241.67637536502238,0.4932272434234619,3000
m300_n600_d020_c040_seed48,300,600,0.2,0.4,5,262.60565113374025,262.60565113374025,0.48931264877319336,3000
m300_n600_d020_c060_seed49,300,600,0.2,0.6,1,464.81604797551995,464.81604797551995,0.4772825241088867,3000
m300_n600_d020_c060_seed49,300,600,0.2,0.6,2,481.1483741843115,481.1483741843115,0.4952375888824463,3000
m300_n600_d020_c060_seed49,300,600,0.2,0.6,3,462.47559981820035,462.47559981820035,0.5598130226135254,3000
m300_n600_d020_c060_seed49,300,600,0.2,0.6,4,460.33439982621996,460.33439982621996,0.5091900825500488,3000
m300_n600_d020_c060_seed49,300,600,0.2,0.6,5,464.7123168552863,464.7123168552863,0.5050766468048096,3000
m500_n1000_d010_c040_seed50,500,1000,0.1,0.4,1,662.2640476206926,662.2640476206926,0.4887099266052246,3000
m500_n1000_d010_c040_seed50,500,1000,0.1,0.4,2,665.235231196765,665.235231196765,0.5287599563598633,3000
m500_n1000_d010_c040_seed50,500,1000,0.1,0.4,3,657.6433781579691,657.6433781579691,0.5384116172790527,3000
m500_n1000_d010_c040_seed50,500,1000,0.1,0.4,4,669.2005196233631,669.2005196233631,0.5075485706329346,3000
m500_n1000_d010_c040_seed50,500,1000,0.1,0.4,5,664.834047917813,664.834047917813,0.5003774166107178,3000
m500_n1000_d010_c060_seed51,500,1000,0.1,0.6,1,1099.299742274652,1099.299742274652,0.482241153717041,3000
m500_n1000_d010_c060_seed51,500,1000,0.1,0.6,2,1093.393327318341,1093.393327318341,0.4771382808685303,3000
m500_n1000_d010_c060_seed51,500,1000,0.1,0.6,3,1098.9730777682094,1098.9730777682094,0.4852464199066162,3000
m500_n1000_d010_c060_seed51,500,1000,0.1,0.6,4,1096.4282129369221,1096.4282129369221,0.4638025760650635,3000
m500_n1000_d010_c060_seed51,500,1000,0.1,0.6,5,1092.761618809225,1092.761618809225,0.4908878803253174,3000
m500_n1000_d020_c040_seed52,500,1000,0.2,0.4,1,273.28720292068203,273.28720292068203,0.5822904109954834,3000
m500_n1000_d020_c040_seed52,500,1000,0.2,0.4,2,272.3428204146826,272.3428204146826,0.6010267734527588,3000
m500_n1000_d020_c040_seed52,500,1000,0.2,0.4,3,271.44558692665515,271.44558692665515,0.5981955528259277,3000
m500_n1000_d020_c040_seed52,500,1000,0.2,0.4,4,268.4165083793186,268.4165083793186,0.576662540435791,3000
m500_n1000_d020_c040_seed52,500,1000,0.2,0.4,5,273.5928170666464,273.5928170666464,0.592803955078125,3000
m500_n1000_d020_c060_seed53,500,1000,0.2,0.6,1,445.9911400598834,445.9911400598834,0.5840530395507812,3000
m500_n1000_d020_c060_seed53,500,1000,0.2,0.6,2,445.92119010630694,445.92119010630694,0.633793830871582,3000
m500_n1000_d020_c060_seed53,500,1000,0.2,0.6,3,446.1555907751475,446.1555907751475,0.5890405178070068,3000
m500_n1000_d020_c060_seed53,500,1000,0.2,0.6,4,445.4974254864587,445.4974254864587,0.5864369869232178,3000
m500_n1000_d020_c060_seed53,500,1000,0.2,0.6,5,441.62396099467617,441.62396099467617,0.6528582572937012,3000
